word1	word2	label	relation	fold
dagger	bomb	False	other	val
dove	vertebrate	True	hyper	val
violin	club	False	other	val
desk	furnishing	True	hyper	val
grasshopper	bug	True	hyper	val
trumpet	cyst	False	other	val
food	cranberry	False	other	val
sieve	kitchenware	True	hyper	val
phone	system	True	hyper	val
spear	artefact	True	hyper	val
spoon	axe	False	other	val
pigeon	creature	True	hyper	val
creature	dolphin	False	other	val
sheep	animal	True	hyper	val
ferry	outfielder	False	other	val
dagger	artifact	True	hyper	val
mug	artefact	True	hyper	val
cloth	table	False	other	val
butt	gun	False	other	val
cow	cattle	True	hyper	val
whale	mammal	True	hyper	val
radio	device	True	hyper	val
cod	food	True	hyper	val
blouse	clothes	True	hyper	val
peel	banana	False	other	val
good	stove	False	other	val
cucumber	garlic	False	other	val
giraffe	violin	False	other	val
cloak	covering	True	hyper	val
goat	beast	True	hyper	val
dishwasher	fridge	False	other	val
radio	object	True	hyper	val
body	moth	False	other	val
villa	pub	False	other	val
pine	tree	True	hyper	val
rifle	artefact	True	hyper	val
cottage	structure	True	hyper	val
wardrobe	object	True	hyper	val
potato	produce	True	hyper	val
jacket	hat	False	other	val
scarf	trouser	False	other	val
pub	structure	True	hyper	val
truck	helicopter	False	other	val
bomb	thoroughfare	False	other	val
muzzle	revolver	False	other	val
bull	creature	True	hyper	val
coat	commodity	True	hyper	val
pig	vertebrate	True	hyper	val
villa	wood	False	other	val
blouse	commodity	True	hyper	val
saxophone	artefact	True	hyper	val
flute	instrument	True	hyper	val
dolphin	parliament	False	other	val
object	box	False	other	val
lizard	vertebrate	True	hyper	val
dolphin	animal	True	hyper	val
swan	bird	True	hyper	val
phone	artefact	True	hyper	val
spoon	artifact	True	hyper	val
potato	stooge	False	other	val
trout	fish	True	hyper	val
robe	front	False	other	val
freezer	directory	False	other	val
antenna	stereo	False	other	val
jam	jar	False	other	val
television	system	True	hyper	val
shirt	garment	True	hyper	val
banana	fruit	True	hyper	val
whale	vertebrate	True	hyper	val
dog	bear	False	other	val
screwdriver	utensil	True	hyper	val
castle	housing	True	hyper	val
castle	door	False	other	val
kitchenware	jar	False	other	val
lizard	alligator	False	other	val
pistol	artefact	True	hyper	val
scarf	good	True	hyper	val
blouse	object	True	hyper	val
rat	beast	True	hyper	val
library	construction	True	hyper	val
priest	pistol	False	other	val
spoon	head	False	other	val
tightrope	hotel	False	other	val
jacket	artifact	True	hyper	val
falcon	predator	True	hyper	val
jet	aircraft	True	hyper	val
dresser	furniture	True	hyper	val
giraffe	leg	False	other	val
horse	vertebrate	True	hyper	val
stereo	object	True	hyper	val
jaw	bear	False	other	val
fork	hatchet	False	other	val
wrench	croatia	False	other	val
housing	villa	False	other	val
pig	animal	True	hyper	val
horse	head	False	other	val
rifle	revolver	False	other	val
brick	pub	False	other	val
hammer	utensil	True	hyper	val
blouse	wear	True	hyper	val
telephone	stove	False	other	val
goldfish	creature	True	hyper	val
rodent	rat	False	other	val
cherry	grape	False	other	val
battleship	glider	False	other	val
cashmere	scarf	False	other	val
goat	animal	True	hyper	val
transport	bus	False	other	val
sweater	artefact	True	hyper	val
penguin	vertebrate	True	hyper	val
jacket	object	True	hyper	val
falcon	claw	False	other	val
equipment	radio	False	other	val
deer	ear	False	other	val
overhaul	goat	False	other	val
appliance	stove	False	other	val
tanker	ferry	False	other	val
coyote	head	False	other	val
object	trumpet	False	other	val
rabbit	herbivore	True	hyper	val
helicopter	ambulance	False	other	val
glove	apparel	True	hyper	val
object	missile	False	other	val
castle	edifice	True	hyper	val
creature	fox	False	other	val
freezer	appliance	True	hyper	val
cottage	building	True	hyper	val
giraffe	mammal	True	hyper	val
sword	artefact	True	hyper	val
cabbage	produce	True	hyper	val
mug	kitchenware	True	hyper	val
phone	commodity	True	hyper	val
fork	cutlery	True	hyper	val
snake	reptile	True	hyper	val
hospital	building	True	hyper	val
grasshopper	insect	True	hyper	val
box	artifact	True	hyper	val
phone	washer	False	other	val
yacht	bus	False	other	val
tiger	animal	True	hyper	val
jacket	glove	False	other	val
robe	good	True	hyper	val
boat	yacht	False	other	val
violin	artefact	True	hyper	val
kitchenware	fork	False	other	val
sieve	object	True	hyper	val
object	phone	False	other	val
airplane	jet	False	other	val
hatchet	utensil	True	hyper	val
head	beetle	False	other	val
saxophone	fare	False	other	val
sheep	mammal	True	hyper	val
guitar	liturgy	False	other	val
tuna	seafood	True	hyper	val
salmon	head	False	other	val
elevator	library	False	other	val
hotel	edifice	True	hyper	val
plum	gunman	False	other	val
conveyance	glider	False	other	val
cloak	apparel	True	hyper	val
stove	commodity	True	hyper	val
ruminant	goat	False	other	val
artefact	sieve	False	other	val
hammer	artifact	True	hyper	val
gun	object	True	hyper	val
ear	corn	False	other	val
fruit	cherry	False	other	val
root	acacia	False	other	test
alligator	beast	True	hyper	test
artifact	bag	False	other	test
shirt	clothes	True	hyper	test
grain	corn	False	other	test
shirt	commodity	True	hyper	test
creature	cod	False	other	test
villa	dwelling	True	hyper	test
spinach	cucumber	False	other	test
gun	pistol	False	other	test
cathedral	pub	False	other	test
engine	ferry	False	other	test
sword	artifact	True	hyper	test
transport	car	False	other	test
cloak	artefact	True	hyper	test
deer	bear	False	other	test
table	artifact	True	hyper	test
piano	furniture	True	hyper	test
freezer	good	True	hyper	test
canine	coyote	False	other	test
van	conveyance	True	hyper	test
good	washer	False	other	test
fighter	artifact	True	hyper	test
elephant	beaver	False	other	test
onion	dresser	False	other	test
motorcycle	sauce	False	other	test
lemon	food	True	hyper	test
cow	hoof	False	other	test
construction	hotel	False	other	test
bomb	artefact	True	hyper	test
birch	cypress	False	other	test
interior	fighter	False	other	test
spoon	wrench	False	other	test
dishwasher	object	True	hyper	test
artefact	stereo	False	other	test
donkey	hair	False	other	test
dishwasher	device	True	hyper	test
frigate	ship	True	hyper	test
whale	donkey	False	other	test
goldfish	animal	True	hyper	test
bicycle	car	False	other	test
artifact	violin	False	other	test
cod	carp	False	other	test
ferry	vessel	True	hyper	test
helicopter	aircraft	True	hyper	test
rabbit	rat	False	other	test
cello	parking	False	other	test
shirt	good	True	hyper	test
scale	herring	False	other	test
snout	donkey	False	other	test
bout	cello	False	other	test
bodice	dress	False	other	test
seafood	trout	False	other	test
parsley	seasoning	True	hyper	test
rat	lion	False	other	test
toad	frog	False	other	test
hat	artefact	True	hyper	test
goat	food	True	hyper	test
owl	pigeon	False	other	test
desk	beating	False	other	test
garlic	food	True	hyper	test
cello	object	True	hyper	test
cottage	castle	False	other	test
library	site	True	hyper	test
food	turtle	False	other	test
oil	motorcycle	False	other	test
bulb	turnip	False	other	test
rabbit	mammal	True	hyper	test
artifact	bomb	False	other	test
dove	bounce	False	other	test
helicopter	artifact	True	hyper	test
beast	cat	False	other	test
cypress	tree	True	hyper	test
glove	artefact	True	hyper	test
cat	pet	True	hyper	test
swan	creature	True	hyper	test
bowl	utensil	True	hyper	test
tanker	ship	True	hyper	test
point	screwdriver	False	other	test
carp	creature	True	hyper	test
cannon	arm	True	hyper	test
pheasant	creature	True	hyper	test
artefact	grenade	False	other	test
beet	root	True	hyper	test
catfish	vertebrate	True	hyper	test
helicopter	craft	True	hyper	test
hatchet	weapon	True	hyper	test
snake	animal	True	hyper	test
ear	squirrel	False	other	test
chair	scroll	False	other	test
squirrel	animal	True	hyper	test
vulture	scavenger	True	hyper	test
pheasant	bird	True	hyper	test
artefact	bowl	False	other	test
owl	vertebrate	True	hyper	test
beak	crow	False	other	test
jet	vehicle	True	hyper	test
gorilla	primate	True	hyper	test
workload	cloak	False	other	test
construction	castle	False	other	test
artifact	spear	False	other	test
carrot	produce	True	hyper	test
coat	opposition	False	other	test
radio	canvas	False	other	test
inside	dishwasher	False	other	test
covering	jacket	False	other	test
hospital	structure	True	hyper	test
broccoli	food	True	hyper	test
rifle	artifact	True	hyper	test
screwdriver	artefact	True	hyper	test
stone	cherry	False	other	test
glove	artifact	True	hyper	test
exterior	mug	False	other	test
glider	artifact	True	hyper	test
whale	cod	False	other	test
implementer	lion	False	other	test
truck	vehicle	True	hyper	test
jacket	good	True	hyper	test
goat	antelope	False	other	test
car	conveyance	True	hyper	test
cottage	home	True	hyper	test
scarf	object	True	hyper	test
robe	hat	False	other	test
woodpecker	animal	True	hyper	test
fighter	airplane	True	hyper	test
cabbage	food	True	hyper	test
fleece	jacket	False	other	test
tuna	animal	True	hyper	test
radio	commodity	True	hyper	test
shirt	artifact	True	hyper	test
glove	object	True	hyper	test
television	channel	False	other	test
inn	pub	False	other	test
artifact	desk	False	other	test
tooth	snake	False	other	test
tool	hatchet	False	other	test
metal	sieve	False	other	test
tiger	bull	False	other	test
leek	potato	False	other	test
glove	garment	True	hyper	test
fold	sweater	False	other	test
food	beet	False	other	test
vulture	animal	True	hyper	test
ear	gorilla	False	other	test
revolver	arm	True	hyper	test
donkey	beast	True	hyper	test
sparrow	animal	True	hyper	test
scale	turtle	False	other	test
hornet	creature	True	hyper	test
radio	appliance	True	hyper	test
object	vest	False	other	test
spade	shovel	False	other	test
pine	tooling	False	other	test
deer	herbivore	True	hyper	test
appliance	phone	False	other	test
rifle	hockey	False	other	test
artifact	blouse	False	other	test
alligator	eye	False	other	test
camcorder	yacht	False	other	test
cherry	produce	True	hyper	test
plastic	fork	False	other	test
van	artefact	True	hyper	test
car	yacht	False	other	test
outside	hat	False	other	test
crow	creature	True	hyper	test
object	axe	False	other	test
plum	produce	True	hyper	test
device	rifle	False	other	test
learner	fridge	False	other	test
moth	insect	True	hyper	test
whale	trout	False	other	test
train	artefact	True	hyper	test
pigeon	vertebrate	True	hyper	test
herb	parsley	False	other	test
spoon	screwdriver	False	other	test
silk	vest	False	other	test
shirt	hieroglyphic	False	other	test
fridge	test	False	other	test
vertebrate	frog	False	other	test
bag	incontinence	False	other	test
creature	ant	False	other	test
van	transport	True	hyper	test
rabbit	sheep	False	other	test
missile	artefact	True	hyper	test
oven	good	True	hyper	test
warehouse	villa	False	other	test
ferry	artefact	True	hyper	test
bottom	bag	False	other	test
knife	kitchenware	True	hyper	test
dress	clothes	True	hyper	test
canoe	ferry	False	other	test
pistol	cartridge	False	other	test
goat	ear	False	other	test
radish	vinyl	False	other	test
villa	edifice	True	hyper	test
knife	artefact	True	hyper	test
broccoli	film	False	other	test
spinach	cauliflower	False	other	test
saw	tool	True	hyper	test
bookshop	stove	False	other	test
steel	wrench	False	other	test
turtle	eye	False	other	test
lion	creature	True	hyper	test
lime	fruit	True	hyper	test
cow	mammal	True	hyper	test
windshield	jet	False	other	test
parsley	minibus	False	other	test
fighter	conveyance	True	hyper	test
scissors	hammer	False	other	test
cottage	dwelling	True	hyper	test
shovel	artifact	True	hyper	test
donkey	creature	True	hyper	test
institution	library	False	other	test
cathedral	site	True	hyper	test
radish	vegetable	True	hyper	test
vehicle	ambulance	False	other	test
jacket	cloak	False	other	test
washer	affluence	False	other	test
robe	covering	True	hyper	test
arm	dagger	False	other	test
bottom	guitar	False	other	test
cat	inception	False	other	test
inflow	catfish	False	other	test
rabbit	leg	False	other	test
apricot	fruit	True	hyper	test
ambulance	transport	True	hyper	test
fleece	coat	False	other	test
top	piano	False	other	test
achiever	cannon	False	other	test
sparrow	football	False	other	test
axe	artefact	True	hyper	test
building	restaurant	False	other	test
deer	rabbit	False	other	test
back	robe	False	other	test
robe	commodity	True	hyper	test
back	coat	False	other	test
jacket	garment	True	hyper	test
mug	artifact	True	hyper	test
lemon	citrus	True	hyper	test
grapefruit	produce	True	hyper	test
respect	jar	False	other	test
scarf	garrison	False	other	test
bagpipe	guitar	False	other	test
battleship	warship	True	hyper	test
bomber	helicopter	False	other	test
shovel	artefact	True	hyper	test
goldfish	pet	True	hyper	test
strawberry	produce	True	hyper	test
fighter	warplane	True	hyper	test
pig	mammal	True	hyper	test
shirt	legend	False	other	test
transport	train	False	other	test
artefact	blouse	False	other	test
turnip	dyslexia	False	other	test
coat	clothes	True	hyper	test
donkey	vertebrate	True	hyper	test
vest	good	True	hyper	test
inn	restaurant	False	other	test
penguin	dove	False	other	test
potato	food	True	hyper	test
leaf	beet	False	other	test
spade	wrench	False	other	test
pig	counterpart	False	other	test
instrument	piano	False	other	test
bag	accessory	True	hyper	test
coat	garment	True	hyper	test
frog	force	False	other	test
hawk	woodpecker	False	other	test
stove	device	True	hyper	test
hat	italian	False	other	test
saw	herat	False	other	test
tiger	mammal	True	hyper	test
goldfish	vertebrate	True	hyper	test
mackerel	seafood	True	hyper	test
lettuce	bond	False	other	test
iron	spade	False	other	test
ferry	motorcycle	False	other	test
wear	coat	False	other	test
stereo	appliance	True	hyper	test
grenade	glucose	False	other	test
dolphin	vertebrate	True	hyper	test
tail	cod	False	other	test
chair	dresser	False	other	test
buffalo	cow	False	other	test
pistol	weapon	True	hyper	test
guard	dagger	False	other	test
horse	beast	True	hyper	test
garlic	seasoning	True	hyper	test
grapefruit	re-assessment	False	other	test
roof	villa	False	other	test
sword	object	True	hyper	test
bear	fur	False	other	test
turtle	animal	True	hyper	test
trumpet	artifact	True	hyper	test
pharaoh	mackerel	False	other	test
villa	castle	False	other	test
washer	object	True	hyper	test
trip	bowl	False	other	test
dwelling	castle	False	other	test
villa	structure	True	hyper	test
banjo	flute	False	other	test
fork	utensil	True	hyper	test
hat	headdress	True	hyper	test
metal	ambulance	False	other	test
bed	sofa	False	other	test
frog	turtle	False	other	test
cloak	commodity	True	hyper	test
knife	foreboding	False	other	test
revolver	merchandising	False	other	test
vulture	raptor	True	hyper	test
alcohol	cottage	False	other	test
dress	glove	False	other	test
citrus	lime	False	other	test
grape	fruit	True	hyper	test
vest	skin	False	other	test
vest	artefact	True	hyper	test
bowl	object	True	hyper	test
shirt	pattern	False	other	test
motorcycle	transport	True	hyper	test
vessel	mug	False	other	test
phone	good	True	hyper	test
herring	seafood	True	hyper	test
spade	submissiveness	False	other	test
mosquito	cockroach	False	other	test
hawk	predator	True	hyper	test
glider	aircraft	True	hyper	test
vulture	owl	False	other	test
kitchenware	spoon	False	other	test
animal	hornet	False	other	test
stereo	reservation	False	other	test
turtle	reptile	True	hyper	test
goat	mammal	True	hyper	test
cathedral	building	True	hyper	test
jet	ambulance	False	other	test
steel	oven	False	other	test
pear	plum	False	other	test
dresser	artifact	True	hyper	test
glove	historian	False	other	test
van	vehicle	True	hyper	test
scooter	necessity	False	other	test
artifact	wrench	False	other	test
peach	coconut	False	other	test
stereo	device	True	hyper	test
screwdriver	drain	False	other	test
wrench	tool	True	hyper	test
bomber	airplane	True	hyper	test
fox	animal	True	hyper	test
fork	tooth	False	other	test
goose	continuum	False	other	test
coat	covering	True	hyper	test
gun	shotgun	False	other	test
beast	fox	False	other	test
leaf	parsley	False	other	test
microphone	bottle	False	other	test
bomber	conveyance	True	hyper	test
falcon	vertebrate	True	hyper	test
kalashnikov	rifle	False	other	test
chair	furniture	True	hyper	test
deer	vertebrate	True	hyper	test
truck	m	False	other	test
bit	horse	False	other	test
pistol	object	True	hyper	test
bottle	artefact	True	hyper	test
tanker	artifact	True	hyper	test
radio	stereo	False	other	test
mackerel	vertebrate	True	hyper	test
castle	fortification	True	hyper	test
shirt	object	True	hyper	test
mug	object	True	hyper	test
back	couch	False	other	test
revolver	bazooka	False	other	test
knife	weapon	True	hyper	test
passenger	hawk	False	other	test
jacket	pulse	False	other	test
falcon	underdog	False	other	test
radio	system	True	hyper	test
hammer	fork	False	other	test
wardrobe	artifact	True	hyper	test
chair	object	True	hyper	test
bird	owl	False	other	test
couch	snap	False	other	test
carp	seafood	True	hyper	test
glider	craft	True	hyper	test
penguin	teddy	False	other	test
squirrel	goat	False	other	test
castle	lodging	True	hyper	test
hat	headgear	True	hyper	test
accommodation	castle	False	other	test
trout	phobia	False	other	test
sheep	herbivore	True	hyper	test
hatchet	iron	False	other	test
cello	artefact	True	hyper	test
swan	robin	False	other	test
swan	vertebrate	True	hyper	test
corn	infertility	False	other	test
outing	television	False	other	test
garlic	spice	True	hyper	test
garment	cloak	False	other	test
copper	flute	False	other	test
produce	cucumber	False	other	test
exterior	bottle	False	other	test
falcon	bird	True	hyper	test
vertebrate	cow	False	other	test
flute	o	False	other	test
weapon	axe	False	other	test
elm	oak	False	other	test
fridge	food	False	other	test
glove	bonfire	False	other	test
lime	strawberry	False	other	test
elephant	animal	True	hyper	test
creature	mackerel	False	other	test
blouse	good	True	hyper	test
jet	color	False	other	test
oven	artifact	True	hyper	test
oven	artefact	True	hyper	test
washer	device	True	hyper	test
cockroach	creature	True	hyper	test
chair	artefact	True	hyper	test
alligator	predator	True	hyper	test
jacket	scrutiny	False	other	test
whale	seafood	True	hyper	test
fridge	artefact	True	hyper	test
library	edifice	True	hyper	test
juice	cranberry	False	other	test
plumage	goose	False	other	test
frog	amphibian	True	hyper	test
animal	hawk	False	other	test
vertebrate	tiger	False	other	test
scarf	artefact	True	hyper	test
fighter	lecturer	False	other	test
tail	fox	False	other	test
glider	front	False	other	test
dial	phone	False	other	test
furnishing	sofa	False	other	test
cow	ruminant	True	hyper	test
body	violin	False	other	test
screwdriver	tool	True	hyper	test
cloak	trousers	False	other	test
dress	apparel	True	hyper	test
revolver	pistol	True	hyper	test
castle	site	True	hyper	test
parsley	produce	True	hyper	test
pet	turtle	False	other	test
pheasant	pakistani	False	other	test
sword	arm	True	hyper	test
spoon	artefact	True	hyper	test
leg	cockroach	False	other	test
phone	device	True	hyper	test
desk	object	True	hyper	test
train	vehicle	True	hyper	test
bottle	artifact	True	hyper	test
circuit	television	False	other	test
moth	grasshopper	False	other	test
oven	device	True	hyper	test
building	villa	False	other	test
key	saxophone	False	other	test
television	artifact	True	hyper	test
squirrel	vertebrate	True	hyper	test
restaurant	construction	True	hyper	test
vertebrate	coyote	False	other	test
freezer	television	False	other	test
frog	animal	True	hyper	test
car	fighter	False	other	test
couch	artefact	True	hyper	test
gun	artefact	True	hyper	test
couch	object	True	hyper	test
couch	bed	False	other	test
ambulance	runner-up	False	other	test
scissors	hatchet	False	other	test
eye	cat	False	other	test
robin	animal	True	hyper	test
fork	turnkey	False	other	test
deer	bullshit	False	other	test
garlic	hallway	False	other	test
creature	pig	False	other	test
lime	food	True	hyper	test
problem	library	False	other	test
silk	blouse	False	other	test
apple	food	True	hyper	test
castle	building	True	hyper	test
tanker	craft	True	hyper	test
vertebrate	sheep	False	other	test
missile	arm	True	hyper	test
scarf	accessory	True	hyper	test
seafood	salmon	False	other	test
gate	castle	False	other	test
windshield	van	False	other	test
coyote	carnivore	True	hyper	test
herring	creature	True	hyper	test
launcher	axe	False	other	test
parsley	food	True	hyper	test
car	vehicle	True	hyper	test
beet	clinician	False	other	test
goose	waterfowl	True	hyper	test
cottage	housing	True	hyper	test
bird	sparrow	False	other	test
villa	site	True	hyper	test
snake	establishment	False	other	test
goat	vertebrate	True	hyper	test
cetacean	whale	False	other	test
firearm	revolver	False	other	test
missile	vehicle	True	hyper	test
bomber	artifact	True	hyper	test
wood	spoon	False	other	test
guitar	artifact	True	hyper	test
sieve	frame	False	other	test
cutlery	knife	False	other	test
castle	necessity	False	other	test
eagle	predator	True	hyper	test
frigate	bomber	False	other	test
fridge	commodity	True	hyper	test
trouble	carp	False	other	test
bull	animal	True	hyper	test
mackerel	fish	True	hyper	test
rat	creature	True	hyper	test
sieve	filter	True	hyper	test
availability	dishwasher	False	other	test
head	cabbage	False	other	test
artefact	saw	False	other	test
bottle	object	True	hyper	test
jar	container	True	hyper	test
robe	apparel	True	hyper	test
piano	artefact	True	hyper	test
scarf	poem	False	other	test
van	crime	False	other	test
rabbit	beast	True	hyper	test
sweater	object	True	hyper	test
oven	commodity	True	hyper	test
potato	vegetable	True	hyper	test
carp	vertebrate	True	hyper	test
sieve	artifact	True	hyper	test
bowl	kitchenware	True	hyper	test
cucumber	food	True	hyper	test
button	blouse	False	other	test
evergreen	cypress	False	other	test
back	cloak	False	other	test
squirrel	rodent	True	hyper	test
pineapple	produce	True	hyper	test
trumpet	device	True	hyper	test
cottage	construction	True	hyper	test
grenade	object	True	hyper	test
beast	lion	False	other	test
whale	food	True	hyper	test
bed	peninsula	False	other	test
bowl	inside	False	other	test
violin	device	True	hyper	test
building	pub	False	other	test
hammer	nausea	False	other	test
freezer	artefact	True	hyper	test
inside	truck	False	other	test
falcon	creature	True	hyper	test
object	robe	False	other	test
saw	utensil	True	hyper	test
hawk	raptor	True	hyper	test
speaker	radio	False	other	test
trigger	cannon	False	other	test
glove	accessory	True	hyper	test
shirt	artefact	True	hyper	test
oven	import	False	other	test
ceiling	villa	False	other	test
scarf	artifact	True	hyper	test
dress	artifact	True	hyper	test
bus	vehicle	True	hyper	test
furnishing	wardrobe	False	other	test
phone	artifact	True	hyper	test
catfish	fish	True	hyper	test
hat	object	True	hyper	test
bull	cluster	False	other	test
eye	frog	False	other	test
clothing	scarf	False	other	test
hammer	object	True	hyper	test
axe	spade	False	other	test
ferry	boat	True	hyper	test
ambulance	conveyance	True	hyper	test
hawk	goose	False	other	test
lion	carnivore	True	hyper	test
bowl	artifact	True	hyper	test
oak	tree	True	hyper	test
fox	vertebrate	True	hyper	test
gill	goldfish	False	other	test
bomb	arm	True	hyper	test
bag	object	True	hyper	test
animal	eagle	False	other	test
vertebrate	herring	False	other	test
tiger	beast	True	hyper	test
beef	bull	False	other	test
hospital	institution	True	hyper	test
spinach	vegetable	True	hyper	test
desk	furniture	True	hyper	test
penguin	seabird	True	hyper	test
paw	lion	False	other	test
trout	creature	True	hyper	test
hotel	pub	False	other	test
battleship	bus	False	other	test
trout	food	True	hyper	test
tanker	hull	False	other	test
stalk	broccoli	False	other	test
washer	commodity	True	hyper	test
cat	paw	False	other	test
elephant	hospital	False	other	test
sieve	tool	True	hyper	test
robe	artifact	True	hyper	test
salmon	goldfish	False	other	test
piano	investor	False	other	test
sieve	glass	False	other	test
back	train	False	other	test
apparel	jacket	False	other	test
wood	sofa	False	other	test
moped	scooter	False	other	test
taste	bomber	False	other	test
creature	giraffe	False	other	test
instrument	cello	False	other	test
robin	vertebrate	True	hyper	test
cushion	chair	False	other	test
coyote	mammal	True	hyper	test
turtle	vertebrate	True	hyper	test
blouse	clothing	True	hyper	test
salmon	vertebrate	True	hyper	test
coyote	beast	True	hyper	test
store	hotel	False	other	test
carrot	parsley	False	other	test
wasp	occupation	False	other	test
hawk	creature	True	hyper	test
good	fridge	False	other	test
acacia	tree	True	hyper	test
hat	clothing	True	hyper	test
radio	good	True	hyper	test
artefact	revolver	False	other	test
vertebrate	snake	False	other	test
missile	grenade	False	other	test
hornet	effectiveness	False	other	test
fox	giraffe	False	other	test
ant	insect	True	hyper	test
language	tuna	False	other	test
animal	bear	False	other	test
wood	box	False	other	test
vulture	predator	True	hyper	test
penguin	animal	True	hyper	test
assessor	giraffe	False	other	test
turnip	radish	False	other	test
knife	tableware	True	hyper	test
cottage	edifice	True	hyper	test
metal	bus	False	other	test
grapefruit	citrus	True	hyper	test
phone	gadget	True	hyper	test
cat	mammal	True	hyper	test
clothes	hat	False	other	test
grapefruit	pineapple	False	other	test
scavenger	crow	False	other	test
durability	jet	False	other	test
animal	trout	False	other	test
pheasant	sparrow	False	other	test
cucumber	vegetable	True	hyper	test
londoner	herring	False	other	test
trunk	car	False	other	test
yacht	artefact	True	hyper	test
mammal	elephant	False	other	test
juice	peach	False	other	test
motorcycle	artefact	True	hyper	test
fighter	aeroplane	True	hyper	test
helicopter	top	False	other	test
hat	crown	False	other	test
eye	cow	False	other	test
strawberry	fruit	True	hyper	test
accommodation	cottage	False	other	test
fish	carp	False	other	test
revolver	device	True	hyper	test
plum	apple	False	other	test
animal	mackerel	False	other	test
ape	gorilla	False	other	test
flute	artifact	True	hyper	test
dresser	furnishing	True	hyper	test
device	television	False	other	test
peach	fruit	True	hyper	test
penguin	creature	True	hyper	test
elm	tree	True	hyper	test
shirt	underpants	False	other	test
rat	beaver	False	other	test
train	anything	False	other	test
battleship	artefact	True	hyper	test
robin	creature	True	hyper	test
bottle	container	True	hyper	test
turtle	alligator	False	other	test
coconut	fruit	True	hyper	test
volunteer	fighter	False	other	test
stair	cathedral	False	other	test
bottle	label	False	other	test
hotel	accommodation	True	hyper	test
frog	beast	True	hyper	test
bull	vertebrate	True	hyper	test
end	spear	False	other	test
scarf	fabric	False	other	test
alligator	creature	True	hyper	test
hammer	tool	True	hyper	test
beaver	coyote	False	other	test
jet	aeroplane	True	hyper	test
wasp	insect	True	hyper	test
skin	dolphin	False	other	test
rabbit	vertebrate	True	hyper	test
cow	petition	False	other	test
sheep	creature	True	hyper	test
fork	saw	False	other	test
wardrobe	furniture	True	hyper	test
bomber	warplane	True	hyper	test
couch	furnishing	True	hyper	test
bass	cello	False	other	test
snake	creature	True	hyper	test
revolver	object	True	hyper	test
beet	produce	True	hyper	test
rifle	weapon	True	hyper	test
jet	craft	True	hyper	test
bomber	setting	False	other	test
jet	artefact	True	hyper	test
hilt	sword	False	other	test
freezer	device	True	hyper	test
bed	furnishing	True	hyper	test
table	artefact	True	hyper	test
racism	tanker	False	other	test
elephant	triumph	False	other	test
artillery	donkey	False	other	test
hatchet	pincer	False	other	test
vest	clothing	True	hyper	test
turnip	food	True	hyper	test
pineapple	food	True	hyper	test
jar	vessel	True	hyper	test
food	grapefruit	False	other	test
ambulance	artifact	True	hyper	test
pheasant	game	True	hyper	test
battleship	vessel	True	hyper	test
dress	shirt	False	other	test
plume	pigeon	False	other	test
wizard	spear	False	other	test
fruit	apple	False	other	test
dagger	spear	False	other	test
artifact	motorcycle	False	other	test
site	hospital	False	other	test
rat	animal	True	hyper	test
spoon	empathy	False	other	test
clothing	glove	False	other	test
wardrobe	artefact	True	hyper	test
spoon	object	True	hyper	test
axe	clearance	False	other	test
cat	goat	False	other	test
shovel	object	True	hyper	test
cloak	blouse	False	other	test
coyote	creature	True	hyper	test
object	dresser	False	other	test
mug	container	True	hyper	test
coyote	elephant	False	other	test
bear	mammal	True	hyper	test
oak	poplar	False	other	test
giraffe	vertebrate	True	hyper	test
woodpecker	creature	True	hyper	test
pub	edifice	True	hyper	test
peach	produce	True	hyper	test
moth	dairy	False	other	test
tobacco	vest	False	other	test
barrel	shirt	False	other	test
fox	predator	True	hyper	test
garlic	produce	True	hyper	test
dress	artefact	True	hyper	test
dagger	artefact	True	hyper	test
scholar	missile	False	other	test
jacket	commodity	True	hyper	test
sheep	beast	True	hyper	test
giraffe	herbivore	True	hyper	test
tanker	artefact	True	hyper	test
dress	garment	True	hyper	test
axe	tool	True	hyper	test
tiger	homeland	False	other	test
foot	dove	False	other	test
pig	skin	False	other	test
vest	covering	True	hyper	test
broccoli	produce	True	hyper	test
beaver	animal	True	hyper	test
castle	defense	True	hyper	test
scooter	artifact	True	hyper	test
sheep	snout	False	other	test
cod	seafood	True	hyper	test
lock-up	spoon	False	other	test
bird	robin	False	other	test
glider	transport	True	hyper	test
cello	device	True	hyper	test
artefact	cannon	False	other	test
stocking	vest	False	other	test
hatchet	cannon	False	other	test
artifact	vest	False	other	test
bull	mammal	True	hyper	test
beetle	animal	True	hyper	test
bomber	aircraft	True	hyper	test
fork	tool	True	hyper	test
jacket	wear	True	hyper	test
good	cloak	False	other	test
owl	veracity	False	other	test
cathedral	church	True	hyper	test
cannon	artifact	True	hyper	test
mackerel	food	True	hyper	test
hotel	castle	False	other	test
mackerel	dolphin	False	other	test
gorilla	animal	True	hyper	test
frog	creature	True	hyper	test
sheep	cow	False	other	test
pineapple	plan	False	other	test
box	mortality	False	other	test
strawberry	alibi	False	other	test
stripe	lizard	False	other	test
onion	vegetable	True	hyper	test
deer	creature	True	hyper	test
dress	wear	True	hyper	test
coyote	animal	True	hyper	test
beaver	mammal	True	hyper	test
jet	frigate	False	other	test
freight	sheep	False	other	test
commodity	sweater	False	other	test
helicopter	conveyance	True	hyper	test
clothes	dresser	False	other	test
shell	grenade	False	other	test
wrench	utensil	True	hyper	test
metal	trumpet	False	other	test
wrench	artefact	True	hyper	test
salmon	food	True	hyper	test
ambulance	truck	False	other	test
moth	animal	True	hyper	test
dolphin	tuna	False	other	test
eagle	raptor	True	hyper	test
glider	artefact	True	hyper	test
piano	artifact	True	hyper	test
hat	robe	False	other	test
beetle	bug	True	hyper	test
owl	predator	True	hyper	test
cat	creature	True	hyper	test
villa	house	True	hyper	test
rabbit	squirrel	False	other	test
hat	accessory	True	hyper	test
chair	table	False	other	test
cloak	clothing	True	hyper	test
tiger	jaw	False	other	test
rabbit	creature	True	hyper	test
ceiling	cottage	False	other	test
coconut	food	True	hyper	test
engine	missile	False	other	test
cockroach	bug	True	hyper	test
crow	swan	False	other	test
vehicle	helicopter	False	other	test
crow	animal	True	hyper	test
frigate	artifact	True	hyper	test
flower	birch	False	other	test
whale	tooth	False	other	test
chair	artifact	True	hyper	test
wood	desk	False	other	test
castle	defence	True	hyper	test
hat	covering	True	hyper	test
scarf	commodity	True	hyper	test
spear	object	True	hyper	test
vest	pc	False	other	test
battleship	lack	False	other	test
bird	vulture	False	other	test
turtle	beast	True	hyper	test
dishwasher	masonry	False	other	test
crow	coward	False	other	test
poplar	plant	True	hyper	test
pear	produce	True	hyper	test
fox	canine	True	hyper	test
logo	scarf	False	other	test
flute	device	True	hyper	test
furnishing	chair	False	other	test
revolver	steel	False	other	test
cathedral	structure	True	hyper	test
helicopter	orientation	False	other	test
horse	mammal	True	hyper	test
vehicle	bomber	False	other	test
bowl	jar	False	other	test
wear	scarf	False	other	test
lion	predator	True	hyper	test
robe	artefact	True	hyper	test
piano	device	True	hyper	test
fox	mammal	True	hyper	test
creature	horse	False	other	test
mammal	donkey	False	other	test
eagle	vertebrate	True	hyper	test
flower	willow	False	other	test
violin	object	True	hyper	test
fighter	plane	True	hyper	test
axe	utensil	True	hyper	test
collar	shirt	False	other	test
elephant	herbivore	True	hyper	test
telephone	television	False	other	test
owl	raptor	True	hyper	test
stool	chair	False	other	test
tail	coyote	False	other	test
cathedral	pulse	False	other	test
crust	glove	False	other	test
lime	amazement	False	other	test
vest	garment	True	hyper	test
bird	penguin	False	other	test
cucumber	carrot	False	other	test
produce	grape	False	other	test
commodity	glove	False	other	test
iron	spinach	False	other	test
sweater	apparel	True	hyper	test
coyote	predator	True	hyper	test
frigate	craft	True	hyper	test
animal	cockroach	False	other	test
blouse	robe	False	other	test
villa	speed	False	other	test
jar	plate	False	other	test
hat	wear	True	hyper	test
circumcision	bag	False	other	test
artifact	van	False	other	test
bomb	device	True	hyper	test
cranberry	quarantine	False	other	test
sweater	good	True	hyper	test
craft	fighter	False	other	test
television	object	True	hyper	test
artifact	hat	False	other	test
bus	artifact	True	hyper	test
fighter	aircraft	True	hyper	test
barrel	rifle	False	other	test
food	lettuce	False	other	test
television	shovel	False	other	test
goat	herbivore	True	hyper	test
device	saxophone	False	other	test
lodging	cottage	False	other	test
goose	animal	True	hyper	test
sweater	clothing	True	hyper	test
fridge	object	True	hyper	test
alligator	reptile	True	hyper	test
cat	carnivore	True	hyper	test
horse	herbivore	True	hyper	test
licence	rabbit	False	other	test
object	guitar	False	other	test
eye	hawk	False	other	test
leg	grasshopper	False	other	test
salmon	animal	True	hyper	test
cricket	butterfly	False	other	test
coat	clothing	True	hyper	test
object	flute	False	other	test
carrot	food	True	hyper	test
sofa	declaration	False	other	test
ferry	vehicle	True	hyper	test
violin	instrument	True	hyper	test
telephone	fridge	False	other	test
hat	blouse	False	other	test
jacket	shirt	False	other	test
bus	contracting	False	other	test
castle	restaurant	False	other	test
artifact	sweater	False	other	test
bazooka	gun	False	other	test
fabric	coat	False	other	test
wrench	object	True	hyper	test
table	furnishing	True	hyper	test
saxophone	artifact	True	hyper	test
fish	goldfish	False	other	test
bed	artifact	True	hyper	test
goldfish	guitar	False	other	test
hymn	helicopter	False	other	test
scarf	covering	True	hyper	test
beak	pheasant	False	other	test
car	goody	False	other	test
guitar	artefact	True	hyper	test
castle	house	True	hyper	test
alligator	courthouse	False	other	test
fork	artefact	True	hyper	test
ridge	sweater	False	other	test
washer	artefact	True	hyper	test
bomber	plane	True	hyper	test
scooter	vehicle	True	hyper	test
bottom	wardrobe	False	other	test
shovel	utensil	True	hyper	test
tuna	food	True	hyper	test
grenade	weapon	True	hyper	test
pike	sword	False	other	test
knife	fork	False	other	test
freezer	plug	False	other	test
pattern	sweater	False	other	test
sofa	artefact	True	hyper	test
structure	library	False	other	test
television	commodity	True	hyper	test
ship	battleship	False	other	test
bull	tail	False	other	test
artifact	spade	False	other	test
dress	zone	False	other	test
oven	timer	False	other	test
glove	wear	True	hyper	test
cottage	camera	False	other	test
cedar	evergreen	True	hyper	test
advantage	sword	False	other	test
turtle	creature	True	hyper	test
desk	artefact	True	hyper	test
bowl	container	True	hyper	test
artifact	washer	False	other	test
dishwasher	artefact	True	hyper	test
scooter	artefact	True	hyper	test
hawk	head	False	other	test
lettuce	vegetable	True	hyper	test
dagger	missile	False	other	test
bed	furniture	True	hyper	test
animal	pheasant	False	other	test
woodpecker	vertebrate	True	hyper	test
device	gun	False	other	test
battleship	vehicle	True	hyper	test
stereo	equipment	True	hyper	test
poplar	angiosperm	True	hyper	test
cranberry	grapefruit	False	other	test
villa	construction	True	hyper	test
castle	habitation	True	hyper	test
mug	bottle	False	other	test
cod	vertebrate	True	hyper	test
sweater	covering	True	hyper	test
shovel	smile	False	other	test
ant	animal	True	hyper	test
butterfly	creature	True	hyper	test
cloak	clothes	True	hyper	test
robe	commentary	False	other	test
vitamin	lemon	False	other	test
gorilla	foot	False	other	test
pistol	hatchet	False	other	test
table	furniture	True	hyper	test
infiltration	deer	False	other	test
sweater	wear	True	hyper	test
arm	jacket	False	other	test
herring	food	True	hyper	test
motorcycle	conveyance	True	hyper	test
carrot	root	True	hyper	test
dolphin	mammal	True	hyper	test
onion	corn	False	other	test
hatchet	cutlery	True	hyper	test
eagle	creature	True	hyper	test
cannon	device	True	hyper	test
grasshopper	creature	True	hyper	test
fighter	truck	False	other	test
rabbit	animal	True	hyper	test
cockroach	pest	True	hyper	test
swan	overdraft	False	other	test
vehicle	glider	False	other	test
liar	whale	False	other	test
gorilla	beast	True	hyper	test
dove	pheasant	False	other	test
turtle	amphibian	True	hyper	test
castle	home	True	hyper	test
hat	garment	True	hyper	test
snake	beast	True	hyper	test
stove	object	True	hyper	test
inside	hat	False	other	test
herbivore	cow	False	other	test
whale	windshield	False	other	test
lemon	produce	True	hyper	test
pineapple	banana	False	other	test
tree	cedar	False	other	test
stove	artifact	True	hyper	test
coyote	petal	False	other	test
cranberry	berry	True	hyper	test
conveyance	scooter	False	other	test
coat	hem	False	other	test
dress	clothing	True	hyper	test
cloak	artifact	True	hyper	test
corn	food	True	hyper	test
corn	produce	True	hyper	test
vest	clothes	True	hyper	test
vest	apparel	True	hyper	test
grapefruit	fruit	True	hyper	test
rocket	fighter	False	other	test
jet	window	False	other	test
missile	weapon	True	hyper	test
fox	sub-committee	False	other	test
inn	villa	False	other	test
vitamin	carrot	False	other	test
sword	magazine	False	other	test
owl	creature	True	hyper	test
corn	vegetable	True	hyper	test
sofa	desk	False	other	test
fur	beaver	False	other	test
ant	bug	True	hyper	test
beaver	creature	True	hyper	test
maneuver	tiger	False	other	test
rabbit	audit	False	other	test
salary	turtle	False	other	test
lion	dolphin	False	other	test
produce	spinach	False	other	test
cod	gender	False	other	test
sweater	button	False	other	test
rifle	arm	True	hyper	test
fish	herring	False	other	test
mammal	deer	False	other	test
grenade	device	True	hyper	test
trumpet	piano	False	other	test
carp	animal	True	hyper	test
spear	device	True	hyper	test
catfish	food	True	hyper	test
parsley	vegetable	True	hyper	test
onion	produce	True	hyper	test
food	rabbit	False	other	test
sofa	object	True	hyper	test
dolphin	cetacean	True	hyper	test
television	artefact	True	hyper	test
sparrow	vertebrate	True	hyper	test
lime	produce	True	hyper	test
carrot	ssa	False	other	test
plant	elm	False	other	test
washer	dishwasher	False	other	test
boy	glider	False	other	test
phone	equipment	True	hyper	test
jar	artefact	True	hyper	test
pigeon	animal	True	hyper	test
axe	artifact	True	hyper	test
vulture	goose	False	other	test
gia	dress	False	other	test
skin	pear	False	other	test
dagger	object	True	hyper	test
beetle	insect	True	hyper	test
dress	lace	False	other	test
produce	coconut	False	other	test
ketchup	knife	False	other	test
artifact	radio	False	other	test
scooter	transport	True	hyper	test
frigate	raft	False	other	test
goose	bird	True	hyper	test
bomber	transport	True	hyper	test
visitor	castle	False	other	test
cauliflower	produce	True	hyper	test
bag	artefact	True	hyper	test
phone	artillery	False	other	test
revolver	gun	True	hyper	test
tuna	creature	True	hyper	test
artefact	frigate	False	other	test
radish	produce	True	hyper	test
rat	snout	False	other	test
pistol	artifact	True	hyper	test
swan	crow	False	other	test
helicopter	van	False	other	test
claw	eagle	False	other	test
kalashnikov	revolver	False	other	test
hat	good	True	hyper	test
dagger	pommel	False	other	test
sanctity	phone	False	other	test
pub	institution	True	hyper	test
rat	cow	False	other	test
yacht	artifact	True	hyper	test
revolver	weapon	True	hyper	test
butterfly	insect	True	hyper	test
spinach	food	True	hyper	test
appliance	oven	False	other	test
starch	potato	False	other	test
fridge	artifact	True	hyper	test
swan	waterfowl	True	hyper	test
vest	commodity	True	hyper	test
blouse	arm	False	other	test
fox	carnivore	True	hyper	test
animal	alligator	False	other	test
missile	warhead	False	other	test
hawk	bird	True	hyper	test
construction	hospital	False	other	test
demonstration	salmon	False	other	test
stereo	commodity	True	hyper	test
artifact	knife	False	other	test
vertebrate	vulture	False	other	test
end	shovel	False	other	test
spade	artefact	True	hyper	test
frigate	vessel	True	hyper	test
hatchet	lesson	False	other	test
fox	mouth	False	other	test
vest	trousers	False	other	test
cloak	stigma	False	other	test
sofa	artifact	True	hyper	test
cranberry	fruit	True	hyper	test
justice	jacket	False	other	test
restaurant	structure	True	hyper	test
robe	garment	True	hyper	test
lion	vertebrate	True	hyper	test
bed	artefact	True	hyper	test
leg	ant	False	other	test
stove	artefact	True	hyper	test
flute	artefact	True	hyper	test
something	robe	False	other	test
pig	sheep	False	other	test
trout	vertebrate	True	hyper	test
fork	artifact	True	hyper	test
beaver	eye	False	other	test
train	artifact	True	hyper	test
robe	clothing	True	hyper	test
stump	pine	False	other	test
computer	stereo	False	other	test
yacht	vessel	True	hyper	test
cathedral	edifice	True	hyper	test
cockroach	insect	True	hyper	test
shirt	covering	True	hyper	test
beaver	rodent	True	hyper	test
plumage	penguin	False	other	test
van	tanker	False	other	test
artifact	couch	False	other	test
glove	sweatshirt	False	other	test
robe	ruminant	False	other	test
castle	structure	True	hyper	test
cannon	chamber	False	other	test
coat	good	True	hyper	test
bear	cat	False	other	test
crow	vertebrate	True	hyper	test
stove	migraine	False	other	test
gorilla	vertebrate	True	hyper	test
jet	plane	True	hyper	test
washer	appliance	True	hyper	test
cello	artifact	True	hyper	test
dove	animal	True	hyper	test
birch	tree	True	hyper	test
corn	cereal	True	hyper	test
creature	catfish	False	other	test
bee	ant	False	other	test
freezer	artifact	True	hyper	test
bomb	weapon	True	hyper	test
cedar	plant	True	hyper	test
salmon	fish	True	hyper	test
object	bed	False	other	test
gun	arm	True	hyper	test
hotel	lodging	True	hyper	test
jet	conveyance	True	hyper	test
axe	cutlery	True	hyper	test
hotel	building	True	hyper	test
elephant	vertebrate	True	hyper	test
pistol	device	True	hyper	test
box	container	True	hyper	test
creature	gorilla	False	other	test
back	glider	False	other	test
beak	vulture	False	other	test
sofa	furniture	True	hyper	test
lizard	eye	False	other	test
pig	beast	True	hyper	test
restaurant	edifice	True	hyper	test
jacket	clothing	True	hyper	test
turnip	produce	True	hyper	test
television	good	True	hyper	test
appliance	television	False	other	test
conveyance	truck	False	other	test
owner	cottage	False	other	test
goose	creature	True	hyper	test
glove	good	True	hyper	test
lemon	disguise	False	other	test
pear	fruit	True	hyper	test
tiger	carnivore	True	hyper	test
artefact	hammer	False	other	test
herring	animal	True	hyper	test
radio	wire	False	other	test
apricot	republican	False	other	test
glove	clothes	True	hyper	test
cod	salmon	False	other	test
library	building	True	hyper	test
shovel	spoon	False	other	test
predator	tiger	False	other	test
animal	swan	False	other	test
cod	fish	True	hyper	test
lion	mouth	False	other	test
pub	construction	True	hyper	test
spade	utensil	True	hyper	test
apricot	produce	True	hyper	test
grasshopper	childhood	False	other	test
commodity	freezer	False	other	test
deer	ruminant	True	hyper	test
lizard	creature	True	hyper	test
tree	poplar	False	other	test
revolver	artifact	True	hyper	test
construction	cathedral	False	other	test
washer	radio	False	other	test
villa	accommodation	True	hyper	test
alligator	snake	False	other	test
radish	food	True	hyper	test
cypress	plant	True	hyper	test
donkey	herbivore	True	hyper	test
supply	freezer	False	other	test
fridge	phone	False	other	test
hatchet	artefact	True	hyper	test
ambulance	artefact	True	hyper	test
rat	mammal	True	hyper	test
cedar	sense	False	other	test
sweater	underpants	False	other	test
wood	hammer	False	other	test
joke	coat	False	other	test
blouse	garment	True	hyper	test
jar	cookie	False	other	test
gun	artifact	True	hyper	test
cauliflower	rainbow	False	other	test
butterfly	affidavit	False	other	test
bottle	bag	False	other	test
television	equipment	True	hyper	test
crow	penguin	False	other	test
topside	battleship	False	other	test
commodity	dress	False	other	test
object	coat	False	other	test
wasp	animal	True	hyper	test
object	rifle	False	other	test
fighter	transport	True	hyper	test
object	table	False	other	test
spoon	tool	True	hyper	test
guy	castle	False	other	test
chair	wardrobe	False	other	test
grape	food	True	hyper	test
generation	eagle	False	other	test
washer	refrigerator	False	other	test
cow	beast	True	hyper	test
dishwasher	good	True	hyper	test
food	pear	False	other	test
stereo	artifact	True	hyper	test
authorisation	dagger	False	other	test
blouse	spider	False	other	test
battleship	craft	True	hyper	test
blouse	apparel	True	hyper	test
eye	swan	False	other	test
plumage	falcon	False	other	test
cabbage	diy	False	other	test
dove	bird	True	hyper	test
apple	peach	False	other	test
crow	bird	True	hyper	test
villa	habitation	True	hyper	test
willow	tree	True	hyper	test
vulture	creature	True	hyper	test
bomber	aeroplane	True	hyper	test
saw	artifact	True	hyper	test
cockroach	bust	False	other	test
apparel	shirt	False	other	test
rifle	firearm	True	hyper	test
mug	whisky	False	other	test
fridge	device	True	hyper	test
artefact	bomber	False	other	test
car	jet	False	other	test
catfish	gill	False	other	test
commencement	hat	False	other	test
pheasant	vertebrate	True	hyper	test
peach	lime	False	other	test
knife	utensil	True	hyper	test
stereo	amplifier	False	other	test
pillow	bed	False	other	test
artifact	ferry	False	other	test
tuna	goldfish	False	other	test
artifact	screwdriver	False	other	test
dress	object	True	hyper	test
helicopter	artefact	True	hyper	test
jet	artifact	True	hyper	test
beast	bull	False	other	test
table	couch	False	other	test
cauliflower	food	True	hyper	test
dresser	plating	False	other	test
trumpet	artefact	True	hyper	test
bull	ruminant	True	hyper	test
cat	animal	True	hyper	test
windshield	bomber	False	other	test
tool	shovel	False	other	test
knife	tool	True	hyper	test
squirrel	creature	True	hyper	test
clove	garlic	False	other	test
grenade	arm	True	hyper	test
tiger	creature	True	hyper	test
fraction	scarf	False	other	test
hat	apparel	True	hyper	test
bear	creature	True	hyper	test
spear	arm	True	hyper	test
creature	goat	False	other	test
covering	glove	False	other	test
gorilla	mammal	True	hyper	test
banana	food	True	hyper	test
fork	object	True	hyper	test
dagger	device	True	hyper	test
lizard	beast	True	hyper	test
lion	mammal	True	hyper	test
saxophone	instrument	True	hyper	test
stocking	sweater	False	other	test
vertebrate	beaver	False	other	test
rifle	gun	True	hyper	test
trout	catfish	False	other	test
drum	saxophone	False	other	test
fuel	scooter	False	other	test
woodpecker	wheel	False	other	test
coat	artifact	True	hyper	test
truck	artefact	True	hyper	test
scarf	apparel	True	hyper	test
foot	robin	False	other	test
grape	reef	False	other	test
commodity	hat	False	other	test
guitar	instrument	True	hyper	test
timetable	frigate	False	other	test
dishwasher	appliance	True	hyper	test
cannon	object	True	hyper	test
bowl	aim	False	other	test
holder	pistol	False	other	test
washer	steel	False	other	test
jar	object	True	hyper	test
bear	beast	True	hyper	test
tooth	rat	False	other	test
wardrobe	characteristic	False	other	test
bomber	fuel	False	other	test
jacket	raincoat	False	other	test
dresser	artefact	True	hyper	test
bird	eagle	False	other	test
whale	creature	True	hyper	test
spoon	cutlery	True	hyper	test
giraffe	beast	True	hyper	test
alligator	carnivore	True	hyper	test
train	conveyance	True	hyper	test
coat	artefact	True	hyper	test
cherry	food	True	hyper	test
dismay	vulture	False	other	test
bus	artefact	True	hyper	test
hatchet	artifact	True	hyper	test
cannon	gun	True	hyper	test
plum	fruit	True	hyper	test
guitar	device	True	hyper	test
hat	virus	False	other	test
bird	woodpecker	False	other	test
truck	artifact	True	hyper	test
jacket	artefact	True	hyper	test
creature	beetle	False	other	test
horse	circle	False	other	test
good	stereo	False	other	test
gorilla	elephant	False	other	test
fuse	bomb	False	other	test
scarf	garment	True	hyper	test
yacht	train	False	other	test
transport	jet	False	other	test
jar	artifact	True	hyper	test
spade	sieve	False	other	test
spoon	tableware	True	hyper	test
trumpet	instrument	True	hyper	test
table	functioning	False	other	test
saxophone	object	True	hyper	test
guitar	trumpet	False	other	test
restaurant	cottage	False	other	test
vertebrate	goose	False	other	test
couch	furniture	True	hyper	test
radio	artefact	True	hyper	test
box	artefact	True	hyper	test
stocking	dress	False	other	test
bird	pigeon	False	other	test
iron	knife	False	other	test
turnip	root	True	hyper	test
catfish	seafood	True	hyper	test
villa	lodging	True	hyper	test
hospital	patient	False	other	test
wasp	beetle	False	other	test
jacket	dress	False	other	test
restaurant	battle	False	other	test
sweater	garment	True	hyper	test
cottage	habitation	True	hyper	test
food	onion	False	other	test
cathedral	candle	False	other	test
truck	transport	True	hyper	test
lettuce	produce	True	hyper	test
vegetable	garlic	False	other	test
missile	artifact	True	hyper	test
ticket	stereo	False	other	test
saw	object	True	hyper	test
antenna	wasp	False	other	test
lizard	animal	True	hyper	test
hospital	edifice	True	hyper	test
apple	produce	True	hyper	test
fruit	lemon	False	other	test
spade	tool	True	hyper	test
liberalization	falcon	False	other	test
motorcycle	vehicle	True	hyper	test
box	mug	False	other	test
grape	berry	True	hyper	test
bus	conveyance	True	hyper	test
cloak	greenbelt	False	other	test
castle	season	False	other	test
steel	saw	False	other	test
pine	evergreen	True	hyper	test
cow	animal	True	hyper	test
alligator	frog	False	other	test
pub	deity	False	other	test
animal	owl	False	other	test
frigate	vehicle	True	hyper	test
deer	beast	True	hyper	test
beast	squirrel	False	other	test
bear	vertebrate	True	hyper	test
cow	creature	True	hyper	test
cranberry	produce	True	hyper	test
trumpet	violin	False	other	test
oven	television	False	other	test
plantation	battleship	False	other	test
artifact	grenade	False	other	test
car	artefact	True	hyper	test
chameleon	lizard	False	other	test
beet	vegetable	True	hyper	test
bag	luggage	True	hyper	test
vertebrate	tuna	False	other	test
elephant	creature	True	hyper	test
yacht	craft	True	hyper	test
car	artifact	True	hyper	test
starboard	frigate	False	other	test
missile	rocket	True	hyper	test
screwdriver	object	True	hyper	test
sparrow	creature	True	hyper	test
pistol	arm	True	hyper	test
cloak	wear	True	hyper	test
phone	cable	False	other	test
spade	object	True	hyper	test
hornet	insect	True	hyper	test
leaf	radish	False	other	test
vehicle	fighter	False	other	test
carp	trespasser	False	other	test
carrot	turnip	False	other	test
spoon	container	True	hyper	test
grape	apricot	False	other	test
stereo	system	True	hyper	test
pistol	initiative	False	other	test
